config_id,acetylation_level,unloading_rate,loading_constant,rg_mean,rg_stddev,msd_alpha,msd_beta
0,0.465,0.32802640616790646,0.0069365442590166495,6.91170597076416,6.91170597076416,0.578760745333215,1.9931043720735404
100,0.0825,0.07509135191305791,0.007226711249831735,4.888049125671387,4.888049125671387,0.5553169262758832,1.556484006318759
104,0.975,0.4810703604504222,0.0022217842251337095,11.338461875915527,11.338461875915527,0.5902847595402358,2.4298213986043518
101,0.0175,0.3814705899892082,0.0011962481181474207,4.715358257293701,4.715358257293701,0.5497173642577216,1.4925470376781635
105,0.2825,0.05551099291493957,0.01646262943665471,5.478471279144287,5.478471279144287,0.5701441291614773,1.7600600489254161
103,0.055,0.32165637198789243,0.026669035833752543,4.888200283050537,4.888200283050537,0.5660747483686168,1.5633342554297995
102,0.0275,0.29291509999517296,0.011746946611467406,4.726928234100342,4.726928234100342,0.5592293819385928,1.5214012483225514
106,0.0175,0.14264775490815373,0.07002261688988587,5.783831596374512,5.783831596374512,0.5789283846508232,1.6158357952938684
10,0.2725,0.018624350366192893,0.030828722006020964,7.978006839752197,7.978006839752197,0.581667503435136,1.8431216095269893
107,0.0175,0.09160536103779458,0.03326810196849368,5.3130879402160645,5.3130879402160645,0.5741629783260034,1.5542287450993688
108,0.06,0.013968520723341413,0.03177986810291624,5.32323694229126,5.32323694229126,0.572371339955958,1.602980891196313
109,0.1175,0.023001460079381024,0.004469961210661402,5.003478527069092,5.003478527069092,0.5588766911453782,1.5985405297730482
110,0.035,0.20839390592072457,0.014751772624830973,4.733326435089111,4.733326435089111,0.5652421036784966,1.5323932857630014
111,0.025,0.5046862744146474,0.004275494342463202,4.783597946166992,4.783597946166992,0.5521261496482897,1.5168842469537827
112,0.095,0.10329378549659576,0.072089584747907,5.52996826171875,5.52996826171875,0.5699532823961257,1.6560701190692841
113,0.0075,0.05692282463017228,0.08273183587604514,4.952633857727051,4.952633857727051,0.5710607466366371,1.5709889960012404
114,0.02,0.07317870486672352,0.020482778779530912,4.7736406326293945,4.7736406326293945,0.5624153711844148,1.517074194396499
116,0.275,0.39638997010772276,0.006135962039299729,5.678229808807373,5.678229808807373,0.5650451556270173,1.7843402560066566
115,0.0,0.5166414674446439,0.02693346489077389,4.869630813598633,4.869630813598633,0.5653376793318011,1.5220235975452865
120,0.06,0.09808340344208553,0.01973559316540891,5.302436351776123,5.302436351776123,0.5704986728330824,1.5786761655719939
117,0.0325,0.04417470550190675,0.030738959852761392,4.815711975097656,4.815711975097656,0.5689432849093753,1.538148407657288
118,0.0825,0.05584404662082024,0.002275351018300995,5.021643161773682,5.021643161773682,0.5517194767994482,1.5758907836346268
119,0.0375,0.1441227419934122,0.0015659623778283204,4.928901195526123,4.928901195526123,0.5528391272204692,1.5248401463829506
11,0.015,0.08152358174549941,0.017986372423672965,5.0744476318359375,5.0744476318359375,0.5645840696200094,1.531597457772647
122,0.035,0.06191682502789436,0.012050225004939234,4.93158483505249,4.93158483505249,0.5650388229152856,1.541907104528646
121,0.225,0.23660709794782273,0.003680788147931493,5.696105480194092,5.696105480194092,0.5670459881180219,1.7341741479538502
123,0.0325,0.012149325215750045,0.04481478256713781,5.130290508270264,5.130290508270264,0.5713017439027571,1.5940198857930874
124,0.1225,0.40026137705013193,0.001982777446891139,5.132140159606934,5.132140159606934,0.5547426458840742,1.6081911778264342
127,0.2075,0.6383594597614392,0.0206389688233682,5.72159481048584,5.72159481048584,0.5716849854609426,1.719095075713029
126,0.17,0.09582541404885768,0.05465512472939233,5.93983268737793,5.93983268737793,0.5724662097625078,1.7230194432428716
125,0.3175,0.37003233857661993,0.0025034332082724403,6.9893412590026855,6.9893412590026855,0.5672922047495073,1.882150197664076
128,0.67,0.053920196760931044,0.001442384997374196,11.303540229797363,11.303540229797363,0.5844819450896143,2.253353178783234
129,0.06,0.024480570989220785,0.0036451039070843233,4.776955604553223,4.776955604553223,0.5514538418283919,1.5317410494034376
12,0.02,0.021894065957085162,0.022067774282522393,4.937725067138672,4.937725067138672,0.5696517984936476,1.5435843936269888
130,0.09,0.01631810353168751,0.008194533662042106,4.957364559173584,4.957364559173584,0.5629869528755613,1.5721930045764982
131,0.005,0.11364860428944999,0.006813028271087468,4.625394344329834,4.625394344329834,0.5578303392016152,1.4894367073301862
133,0.03,0.8324304348643133,0.009744630620507556,4.744756698608398,4.744756698608398,0.5586627880670415,1.5187483960828074
134,0.035,0.01284028928855399,0.004462706927778686,4.7029829025268555,4.7029829025268555,0.5528158643961517,1.506572092830621
132,0.02,0.5048798496465228,0.006984974074689394,4.961461544036865,4.961461544036865,0.5583578775727709,1.5249367028157517
135,0.0925,0.017481729137565336,0.0010372762973432108,4.815134525299072,4.815134525299072,0.5478152923560282,1.5666205527684385
136,0.105,0.012578457352686562,0.002261101704042225,5.14024543762207,5.14024543762207,0.5573564094853145,1.589434758438599
137,0.035,0.042920663082477,0.01692760391689658,4.852092742919922,4.852092742919922,0.5607625181788383,1.5274680561995693
138,0.0275,0.7364664677102729,0.02015533034505935,4.805504322052002,4.805504322052002,0.5604302844130463,1.535188754325133
139,0.055,0.034008162926315116,0.0026426593805971487,4.8447651863098145,4.8447651863098145,0.5579239754543931,1.5415090338819102
13,0.375,0.07529012765105901,0.008260926218144287,6.4434099197387695,6.4434099197387695,0.5769406732440531,1.8637078456583396
140,0.01,0.35231530209697137,0.04361792070077485,4.801639080047607,4.801639080047607,0.5691265616798643,1.5431356960229952
141,0.03,0.12306220523630106,0.00550565052888123,4.733970642089844,4.733970642089844,0.5564144557931016,1.5055320885567665
142,0.5625,0.1353872626870785,0.00740891372006038,7.521080017089844,7.521080017089844,0.5789749371607864,2.072118736061751
145,0.1375,0.06428319305277012,0.0034366529422906636,5.231109142303467,5.231109142303467,0.5605737764219508,1.641196871312226
143,0.0975,0.23719825380928336,0.00302127317408444,4.939563751220703,4.939563751220703,0.552218581753479,1.5746101616788373
144,0.045,0.011721948308769953,0.045648676600326926,5.43568754196167,5.43568754196167,0.5718996768443831,1.618131067513562
146,0.475,0.026666965423740054,0.00143184618271989,9.202835083007812,9.202835083007812,0.5813359435608846,2.044366248854105
147,0.1025,0.05135676015117277,0.008738926911122874,4.985257625579834,4.985257625579834,0.5585392704228298,1.5787885147243208
148,0.1075,0.05150132949532606,0.002455391691935146,4.988105297088623,4.988105297088623,0.5576024602468764,1.5928320667904619
149,0.0375,0.013385900187978202,0.018259090286651347,4.745761871337891,4.745761871337891,0.5603510768271719,1.5234052225276813
14,0.535,0.012951914075835028,0.0014312384937382515,9.690751075744629,9.690751075744629,0.5826626693139361,2.1200668384542163
150,0.01,0.03014909896691787,0.018013719403892473,4.767287731170654,4.767287731170654,0.5636878247289919,1.5100301467491806
152,0.0675,0.3064316295482417,0.03761503885592628,5.603813648223877,5.603813648223877,0.5721163315334169,1.608778071723065
151,0.0325,0.13352823299149846,0.003969211225283346,4.964298725128174,4.964298725128174,0.55874612226726,1.5342288887680853
153,0.0375,0.05385692760909573,0.013151315924506158,4.961994171142578,4.961994171142578,0.5647744608316814,1.5380436486127722
155,0.01,0.016696746953834562,0.015340833072189202,4.858023643493652,4.858023643493652,0.5695885751837678,1.5504738189256775
154,0.6175,0.017243745736548573,0.004756842289455509,8.696303367614746,8.696303367614746,0.5799723159460862,2.1683776165151643
156,0.035,0.04146031673481843,0.03664468840534827,4.91074275970459,4.91074275970459,0.5695281807874002,1.5711877119325461
157,0.01,0.1374986007796547,0.03440415542268629,4.8500657081604,4.8500657081604,0.5634028040667579,1.5293932966670876
158,0.21,0.048522928694785916,0.09087847116012113,6.584243297576904,6.584243297576904,0.5737592613451867,1.7924327284269739
159,0.4275,0.02224932933884189,0.0013199864617259327,13.627333641052246,13.627333641052246,0.5832903348404465,2.0417117216401945
15,0.3775,0.7373995975595375,0.006643260543765654,8.626009941101074,8.626009941101074,0.5779890811600045,1.9408273294998852
160,0.0525,0.04455910393254638,0.008214210792219925,4.893429279327393,4.893429279327393,0.5599993245364322,1.5364373147298025
161,0.1,0.012189513047720327,0.06229365925115052,5.398072719573975,5.398072719573975,0.5681864362798414,1.6833674626755786
162,0.1025,0.015190615729091854,0.008014410125210694,5.302982330322266,5.302982330322266,0.5608776524960244,1.6021548780438422
163,0.3425,0.05680922271624783,0.002582179113996183,6.054013729095459,6.054013729095459,0.5670199360541999,1.8643184225338167
164,0.7025,0.7740722616823023,0.019327881465639612,11.587065696716309,11.587065696716309,0.5890754931974416,2.2182734851379777
165,0.035,0.8226710114970598,0.010887374471099017,4.833125591278076,4.833125591278076,0.5626939367496561,1.522762971359138
167,0.0575,0.046225732082435314,0.019100990987493276,5.091424465179443,5.091424465179443,0.5638238483229285,1.5622770956354521
169,0.555,0.042970962420055964,0.0679504459471101,7.13994836807251,7.13994836807251,0.5735745527330102,2.0332677870922673
166,0.8125,0.08013799662741275,0.02868243726166185,8.405204772949219,8.405204772949219,0.5876728370474469,2.2451976753372973
168,0.01,0.14720301968870383,0.011636872170082437,4.759103775024414,4.759103775024414,0.5604983994543896,1.5061167943748281
16,0.0675,0.5395400506498261,0.06103341701915112,5.584296226501465,5.584296226501465,0.5721855027155338,1.647007826357185
170,0.115,0.012182633748413572,0.016043057477862208,5.61669397354126,5.61669397354126,0.570688240789613,1.6316754957755464
171,0.0925,0.4862866641952733,0.04587759825339527,5.121644973754883,5.121644973754883,0.5688664534035808,1.621850128797873
172,0.1,0.1166449578474954,0.008390148068153094,5.067127704620361,5.067127704620361,0.5580138199760324,1.5831041603703322
173,0.6275,0.028990218565104642,0.0029068220551628707,9.889630317687988,9.889630317687988,0.5849906868894343,2.175752999226361
174,0.155,0.23354139215493708,0.0038803678323212245,5.118237495422363,5.118237495422363,0.5578013303338005,1.6390932373910752
175,0.335,0.01404511832833026,0.009955030881661794,6.547613143920898,6.547613143920898,0.5740871976860487,1.844806238476589
176,0.59,0.01068169255771277,0.007067668188828584,7.034030914306641,7.034030914306641,0.5791009350327179,2.0874767892230026
179,0.105,0.7233074670062918,0.049669606095140276,5.797346591949463,5.797346591949463,0.5738054712520199,1.646368533599919
178,0.38,0.03958060461869435,0.04210037735321307,6.718889236450195,6.718889236450195,0.5824325519588119,1.8940535768241058
180,0.015,0.2990120963520395,0.0954969075927698,5.37666130065918,5.37666130065918,0.5677386925659731,1.6150156175772319
177,0.9875,0.040708162461851834,0.00830323307946881,13.553382873535156,13.553382873535156,0.5928269909806887,2.4092811282615947
17,0.0725,0.4150648851609739,0.004897436336673949,4.962754249572754,4.962754249572754,0.5518539231899106,1.5607996644102742
185,0.0075,0.03957183856536419,0.06491581827092534,5.669265270233154,5.669265270233154,0.5739153382806303,1.6061136075930695
184,0.0175,0.10008268132333462,0.006748225488462092,5.04398250579834,5.04398250579834,0.5628471582019321,1.5203813062816034
181,0.055,0.213390101609127,0.017435359381335475,5.085115909576416,5.085115909576416,0.5614968082864251,1.5575221607972352
182,0.0175,0.18084881335242683,0.003177669065154284,4.654314994812012,4.654314994812012,0.5496465397498989,1.4937408579790634
183,0.405,0.09549304345800745,0.06333072060825963,6.9753642082214355,6.9753642082214355,0.5787305513157923,1.909322308295792
188,0.0575,0.17137683010352908,0.001267442425425638,4.882852554321289,4.882852554321289,0.5500035684088697,1.5408187450891202
187,0.8175,0.017951380012947035,0.015726059513042328,9.363624572753906,9.363624572753906,0.5897870147241523,2.263921357436673
186,0.745,0.10983974790399653,0.0585932414056951,8.494454383850098,8.494454383850098,0.583384466117797,2.171760088256862
195,0.165,0.02269800228092974,0.00613143593855949,5.436493396759033,5.436493396759033,0.5591528541991825,1.648022155338804
194,0.4575,0.16708507165871972,0.03735597438711936,7.932863235473633,7.932863235473633,0.5851991089401903,1.9825322473030167
189,0.32,0.01618891322512445,0.007251607772982988,6.922207832336426,6.922207832336426,0.5729950412072127,1.8460983572889287
198,0.025,0.9057294259754347,0.018733880199710434,5.224481105804443,5.224481105804443,0.5670676505044656,1.5554938664545706
192,0.0375,0.20464271922824512,0.0010093763733347403,4.668403148651123,4.668403148651123,0.5524338835549778,1.5059588052286057
196,0.8325,0.16596061729972714,0.0029433677434651693,11.88871955871582,11.88871955871582,0.5892334457850043,2.3272864824050745
199,0.085,0.362895951485969,0.054914649662994024,5.475323677062988,5.475323677062988,0.5735886981392571,1.6382700702645026
200,0.0325,0.01495322577247207,0.021477897675381562,4.829690933227539,4.829690933227539,0.5644994957624831,1.5261708974515462
201,0.0775,0.45303563564393096,0.021603546436222858,5.0241875648498535,5.0241875648498535,0.5641887004348716,1.5826326240855628
202,0.65,0.029641845977432316,0.05484839458637137,8.779300689697266,8.779300689697266,0.5855538860579825,2.1133081281586277
203,0.0275,0.018652197648464073,0.002199753973997063,4.714170455932617,4.714170455932617,0.5501751240485053,1.5069975629145236
18,0.0225,0.03382816217460393,0.007794271155716753,4.711572647094727,4.711572647094727,0.5507462020295628,1.4969756219778507
204,0.0625,0.02725786511461109,0.003259500662787592,5.000317096710205,5.000317096710205,0.5597250198330909,1.5590522085259493
205,0.775,0.03885132378355392,0.003157369101780589,8.438379287719727,8.438379287719727,0.5820178858925639,2.253046970918268
206,0.64,0.03676242078384052,0.046981446604775594,7.996328830718994,7.996328830718994,0.5831208709093546,2.1032451336599087
207,0.0025,0.06527635908189418,0.012134154856712237,4.776849269866943,4.776849269866943,0.5567681800072772,1.4951352772319222
209,0.1125,0.26794741108458525,0.00425886540731943,5.022319316864014,5.022319316864014,0.5580050896891533,1.5924585835195766
190,0.59,0.029561922066695022,0.05024260741821217,7.203357696533203,7.203357696533203,0.5830664600031109,2.0513778648862044
210,0.5675,0.19012460530993253,0.01744227016324712,10.232556343078613,10.232556343078613,0.588682575458998,2.092068533869818
20,0.2975,0.2254312099735182,0.029545426659769534,7.587209224700928,7.587209224700928,0.5761307274671541,1.8292489273569168
191,0.2575,0.03651573359567397,0.002861167682254644,6.300299167633057,6.300299167633057,0.5702230481993791,1.8064966572212586
211,0.035,0.2433223447686749,0.04836163642696503,5.233107089996338,5.233107089996338,0.5695787845559603,1.594933789537542
212,0.3875,0.012477127231344611,0.014215173048426562,6.661130905151367,6.661130905151367,0.5804119001317048,1.8891817559106743
213,0.46,0.1487937186979163,0.0014568017644973836,7.842418193817139,7.842418193817139,0.5810929624817444,2.0543317318243917
215,0.705,0.5674253252756034,0.0297463849839318,9.270291328430176,9.270291328430176,0.5885330479931973,2.195224013194679
216,0.5125,0.07374682532310427,0.026474526500041992,7.437182903289795,7.437182903289795,0.5805288896516908,1.998395506043054
193,0.8425,0.028947396175707452,0.004430467531588938,10.752358436584473,10.752358436584473,0.5864531455602522,2.3362930068630208
217,0.01,0.03747418855064393,0.05289952961704026,5.430418014526367,5.430418014526367,0.573163975376237,1.586755911123347
218,0.1425,0.869491218239075,0.004125548007137641,5.0472798347473145,5.0472798347473145,0.5526842248087523,1.6278761016418613
219,0.46,0.3018294568276341,0.001403123522675676,8.970738410949707,8.970738410949707,0.579188479152473,2.0391976494559967
220,0.0425,0.047145629593272065,0.004550935909206613,4.746708393096924,4.746708393096924,0.5530328625026117,1.5190375994520713
221,0.2775,0.02694298301822872,0.0556397329749916,6.571222305297852,6.571222305297852,0.5792051581047771,1.8323605251450772
223,0.0825,0.25405435837225143,0.07400713426778198,5.273441314697266,5.273441314697266,0.5739697106147531,1.6422375759896504
224,0.24,0.24375115525886734,0.054733202437465885,6.558589935302734,6.558589935302734,0.5778170059841597,1.7692708107495958
225,0.975,0.20221221830276728,0.0022534612478991847,16.91158676147461,16.91158676147461,0.591927199352503,2.431786767218288
226,0.215,0.028579201933382446,0.009111557892920013,5.553521156311035,5.553521156311035,0.5645218487359873,1.7175377369982097
227,0.015,0.013160394560127065,0.08230818943741623,5.246702194213867,5.246702194213867,0.567381905834946,1.6220848841764905
228,0.0125,0.014151028792065196,0.003921410902201674,4.768087863922119,4.768087863922119,0.5582579605463422,1.4960386596200876
229,0.0225,0.4454447221391184,0.013357584001193922,4.77515172958374,4.77515172958374,0.5581270728595846,1.5194682079376107
1,0.03,0.10320852554823264,0.0032278905243410937,4.788660049438477,4.788660049438477,0.5555061843359371,1.5181973898697358
230,0.12,0.023978361510298432,0.04935537088470204,5.446218013763428,5.446218013763428,0.5750883089807199,1.6567753114665227
231,0.0125,0.02234250062922902,0.008547968926271729,4.844695091247559,4.844695091247559,0.5599238190082023,1.510686648248475
232,0.8075,0.9837425719415939,0.0021647317373805954,11.60032844543457,11.60032844543457,0.5882848717271894,2.351368021008333
197,0.5375,0.06901851252108016,0.0019493029688572015,7.824271202087402,7.824271202087402,0.5755025711477487,2.074144185119694
233,0.0675,0.3074678701948016,0.0038227510737118085,5.1869378089904785,5.1869378089904785,0.557720531694891,1.5781232372076017
234,0.525,0.07889390431777554,0.023288929651849293,7.233403205871582,7.233403205871582,0.5830933648883284,2.017289929779891
235,0.2125,0.5764229815228131,0.006100205829191833,6.179915428161621,6.179915428161621,0.567933257627541,1.7313812129542359
236,0.04,0.13992061866547806,0.0043190071997301575,4.792933940887451,4.792933940887451,0.5569634716879532,1.5150544785451552
237,0.0325,0.20935881532763437,0.0039211273599637905,4.7024407386779785,4.7024407386779785,0.5506720280622195,1.5138851012117436
238,0.07,0.38531298537813335,0.07120273015151364,5.23090934753418,5.23090934753418,0.5711224149814432,1.6308576412474187
239,0.095,0.48446326563688713,0.013422720995245717,5.085344314575195,5.085344314575195,0.5633435582966153,1.5955502442219573
19,0.135,0.03665297544380183,0.007109685024622615,5.18740177154541,5.18740177154541,0.5631110175897132,1.625794646616422
240,0.155,0.014627741408302307,0.0018241073726477078,5.081852436065674,5.081852436065674,0.5582144785484864,1.625990828407267
241,0.04,0.1544389431388921,0.005644588420346571,4.661001205444336,4.661001205444336,0.5497303470604421,1.5133464949738795
242,0.0325,0.6377152122813596,0.08114525140061804,5.276215076446533,5.276215076446533,0.5700867791441283,1.60854719059859
243,0.3525,0.33406347020113497,0.004985308152316883,6.873130798339844,6.873130798339844,0.573299401350712,1.8915934473576985
244,0.06,0.027861221170801455,0.05235365590305904,5.559929847717285,5.559929847717285,0.5759851309467175,1.6246960865651054
245,0.8375,0.2124055557303627,0.0021149238606994977,11.565408706665039,11.565408706665039,0.5881459288173657,2.3426996658359855
246,0.005,0.2596750715238157,0.011411541337670692,4.806758403778076,4.806758403778076,0.5652528273461355,1.5085209365636114
247,0.16,0.1410975534250079,0.0135099265183657,5.386011123657227,5.386011123657227,0.5645122053855971,1.660520307970022
248,0.765,0.027264321500014888,0.022944395549194245,8.457688331604004,8.457688331604004,0.5852449484527161,2.2062461222755863
249,0.3575,0.1536154353947619,0.0010308300317433594,7.476457118988037,7.476457118988037,0.5750874477129256,1.9357366556191677
250,0.0075,0.8005334870070975,0.002128179627336226,4.778965473175049,4.778965473175049,0.5503825370149786,1.4962688282094725
208,0.0075,0.01355483524976428,0.006140864829923879,4.739113807678223,4.739113807678223,0.5523241314614851,1.4969733109598689
251,0.045,0.0711313795374695,0.019981424836779085,5.1099419593811035,5.1099419593811035,0.5719604241020285,1.5649710068958511
252,0.12,0.029214294283548783,0.028859669156533607,5.419279098510742,5.419279098510742,0.5728762583490656,1.6539853762416752
253,0.1125,0.2856647820452292,0.00613285494574031,4.977375030517578,4.977375030517578,0.5548862886027631,1.5885872780488839
254,0.325,0.02911210989340236,0.001737609240190369,6.893857955932617,6.893857955932617,0.5701870982134419,1.8807387887141491
255,0.3275,0.018006804855746933,0.0077632906405562495,7.834419250488281,7.834419250488281,0.5769907448488502,1.889552148084414
256,0.04,0.047382367864824276,0.004200537672371557,4.76260232925415,4.76260232925415,0.5534868779270414,1.5206854400360117
257,0.135,0.024174874124275908,0.0379585287724649,5.310804843902588,5.310804843902588,0.5732431257987031,1.6584069434284803
258,0.0625,0.3842078662019147,0.03760230561586195,5.400478363037109,5.400478363037109,0.5757506853690219,1.5933556139883276
259,0.0225,0.18393446402563668,0.010042636146730623,4.768431663513184,4.768431663513184,0.5593993512417988,1.5054981116569346
260,0.025,0.45749797613871607,0.006609550625036036,4.730104446411133,4.730104446411133,0.551014183993442,1.5138001792548936
261,0.5475,0.020492656028986266,0.010741410684307397,8.140459060668945,8.140459060668945,0.581126032571138,2.0858403158864935
262,0.9125,0.3027064470339609,0.09485273470815007,11.602849960327148,11.602849960327148,0.581494765387239,2.2923457916434087
214,0.635,0.13177505708475099,0.017471431371998285,8.869518280029297,8.869518280029297,0.5863494116910832,2.1263122569125645
21,0.4775,0.11244313643541268,0.061497537453049776,7.596410274505615,7.596410274505615,0.5814249984714787,1.9920523459672879
263,0.005,0.7320378592544878,0.001849882897747544,4.573807716369629,4.573807716369629,0.5469291041623979,1.4832849458252402
264,0.215,0.18061689732822925,0.001968441080823736,5.437736511230469,5.437736511230469,0.5573795704985396,1.7064403310417047
222,0.12,0.015777562746319033,0.005863206485839333,5.015611171722412,5.015611171722412,0.5618430211490884,1.5930513933859083
265,0.7275,0.10496162222009665,0.005151515287446775,8.278000831604004,8.278000831604004,0.5851109806766616,2.208682318769811
266,0.5325,0.06147149103770636,0.07568076628047446,8.509907722473145,8.509907722473145,0.5810792533043448,2.0497017873687775
267,0.0325,0.04794270689722658,0.001001077792037246,4.711111068725586,4.711111068725586,0.5449890698365014,1.5051304584250331
268,0.12,0.049663346445027234,0.041223182348800666,6.878230571746826,6.878230571746826,0.5760852870885342,1.6910051460794988
269,0.055,0.022305626249636747,0.0011802947605303363,4.938596725463867,4.938596725463867,0.5506991761399087,1.5387219251555349
270,0.17,0.2227851151608322,0.03818736824067988,5.434964656829834,5.434964656829834,0.5710682366796669,1.6924405013004655
271,0.1625,0.09164611753245601,0.016654579375683046,5.298848628997803,5.298848628997803,0.567575094975841,1.6691328720161434
272,0.0675,0.016293054873827567,0.007415251794960095,5.045736312866211,5.045736312866211,0.5599148130448426,1.553273591602053
273,0.035,0.8212880145262423,0.02181868765451646,4.845147132873535,4.845147132873535,0.5671792705197578,1.540324133624339
274,0.065,0.06354679374112941,0.0012472678318721307,4.811727523803711,4.811727523803711,0.5475221118090248,1.543094046242916
275,0.465,0.49467857715002295,0.01093915401148418,6.802557468414307,6.802557468414307,0.5795664774968238,1.9810522127619965
276,0.045,0.08234844755292678,0.02196171508093911,4.853900909423828,4.853900909423828,0.5638164328190888,1.53900282982901
277,0.035,0.01196453693627427,0.009511924489180758,4.803551197052002,4.803551197052002,0.558268625212209,1.5363517978807442
278,0.01,0.1141286938846824,0.00904805142370909,4.68123197555542,4.68123197555542,0.5517843831237575,1.4949727639792076
279,0.085,0.585632700374773,0.0035824549689862247,5.064901828765869,5.064901828765869,0.5556148686057807,1.5856926232915207
280,0.0175,0.012121062159737614,0.0027824972923611102,4.71398401260376,4.71398401260376,0.5491738464408975,1.5028366057209606
281,0.2875,0.3993587354064634,0.02026760182532282,6.733105659484863,6.733105659484863,0.576148775110922,1.8115632780738462
282,0.035,0.37812333500265616,0.01123063562379322,4.829487323760986,4.829487323760986,0.5585327557334041,1.5239184995832702
283,0.0675,0.11363648735157691,0.03409670914421638,5.011959552764893,5.011959552764893,0.5682370263993861,1.5919150100079287
284,0.05,0.019987202399729787,0.006540306712614808,4.755826950073242,4.755826950073242,0.5562274121612412,1.5209877780402123
285,0.185,0.07821295179211885,0.030225974794766096,5.2094645500183105,5.2094645500183105,0.5689566221881703,1.6774691516957756
286,0.1875,0.07981371931285429,0.021624950888497543,5.3543829917907715,5.3543829917907715,0.5685180107533027,1.6884950854341485
287,0.015,0.48457100126395225,0.0041163475699793044,4.676929473876953,4.676929473876953,0.5530849976074941,1.4913918952546807
22,0.185,0.1735946248458346,0.002384533542009483,5.727517604827881,5.727517604827881,0.5649994241162691,1.6968835417417045
288,0.42,0.0924531347692766,0.0011229947718983913,8.57742977142334,8.57742977142334,0.5774761988252683,2.0104581221921785
289,0.0525,0.4739554187880623,0.0017058976303392205,4.890895366668701,4.890895366668701,0.5500618694901247,1.5402149750174214
290,0.165,0.020053410836758958,0.0029259975823756053,5.193628787994385,5.193628787994385,0.5540699783947338,1.656880891899097
291,0.965,0.37453875538446196,0.005354704507269113,11.777667999267578,11.777667999267578,0.591522384637378,2.418952703757541
292,0.5575,0.03410817894107041,0.023479818758826286,7.94275426864624,7.94275426864624,0.5799963457609044,2.031241590749693
293,0.0425,0.05091524571206399,0.0037271852748668568,4.814798831939697,4.814798831939697,0.556485537870943,1.5242653337848093
294,0.17,0.010690314554018428,0.013730599190009041,5.140890598297119,5.140890598297119,0.5606050042563433,1.646564224879565
295,0.85,0.6311223701495812,0.001540309077975204,12.381001472473145,12.381001472473145,0.58818774968399,2.374336891030533
297,0.2325,0.057954135993659485,0.0011696876275683232,6.1943583488464355,6.1943583488464355,0.5624334718117051,1.7623792819288906
298,0.065,0.34685335592568717,0.004271451476025262,4.8854079246521,4.8854079246521,0.5572795031227129,1.5457234898192913
23,0.97,0.03912449606464763,0.004499302290750092,13.262006759643555,13.262006759643555,0.5913276189706939,2.4096729145428677
24,0.37,0.028788221711571294,0.004981299111345499,7.263190269470215,7.263190269470215,0.5740403125572594,1.8811092468556885
25,0.2225,0.1376952632217145,0.007748119766374741,5.963159084320068,5.963159084320068,0.5708897443373231,1.7227547696079473
26,0.015,0.08640037317934281,0.004946599765123512,4.692839622497559,4.692839622497559,0.5507501254379474,1.5013246673202567
296,0.0125,0.04015636828383713,0.004254861536794241,4.7229228019714355,4.7229228019714355,0.5558660158665868,1.4973961383718872
27,0.0725,0.1385707141321284,0.04568891505542207,5.0328264236450195,5.0328264236450195,0.5695792894467175,1.6205010785998937
299,0.2275,0.026488459728196617,0.002974662404851602,6.196427345275879,6.196427345275879,0.5694851913274905,1.7524315207795582
28,0.015,0.13202526852112362,0.023214849214723932,5.118358135223389,5.118358135223389,0.5656504787514005,1.5407480909831888
2,0.07,0.22375060008618197,0.02552512202131081,4.981752872467041,4.981752872467041,0.5667548096515953,1.575969800401667
29,0.0625,0.010289018644488945,0.013639682385860953,4.9320292472839355,4.9320292472839355,0.5599578408999032,1.5590671328348755
30,0.075,0.16415084047771608,0.03154319562286933,5.111624717712402,5.111624717712402,0.5732916208411213,1.5962241891118003
33,0.07,0.012154190641725722,0.031203009868706416,5.262829303741455,5.262829303741455,0.5755005837251935,1.6198829870196323
31,0.865,0.19640882885483493,0.00435770154922465,11.671409606933594,11.671409606933594,0.5902040422235718,2.335100763651749
32,0.5975,0.14037063867678246,0.01679470439957082,7.493602752685547,7.493602752685547,0.5822352429226885,2.076721229892303
34,0.345,0.033762699412639846,0.0014278328598627671,6.9536895751953125,6.9536895751953125,0.5700415846742084,1.8909772546664978
35,0.0075,0.6802177220477178,0.06960492179569105,4.926671028137207,4.926671028137207,0.56823152987091,1.5693126656413459
36,0.025,0.11816655888075892,0.0015104304005080333,4.818149089813232,4.818149089813232,0.5518627452860291,1.5127121936750474
37,0.055,0.3569569878748708,0.011333030811317077,5.049405097961426,5.049405097961426,0.5599581523285074,1.5455345592139096
38,0.0775,0.09523526575028059,0.05643818572211277,6.985898017883301,6.985898017883301,0.5767305289127735,1.6701016434294744
3,0.52,0.3814686203681988,0.05210697509403618,7.369601249694824,7.369601249694824,0.5836035185296791,2.007321160825991
39,0.38,0.4787651140329477,0.005469933224561559,6.44638204574585,6.44638204574585,0.5783903091978266,1.9114309795962925
41,0.145,0.342476453881482,0.03330522625941617,6.049740314483643,6.049740314483643,0.5758288200242662,1.6947194896936295
40,0.015,0.23473509987985505,0.08910443212840405,5.059704303741455,5.059704303741455,0.5669941400399914,1.5901044471727215
42,0.095,0.15951679352876655,0.06746381681821957,6.091907024383545,6.091907024383545,0.5751761703200337,1.667064082358642
43,0.38,0.22452115290219982,0.00709700436391509,7.8333659172058105,7.8333659172058105,0.5790471932245119,1.9400970932690262
44,0.07,0.026957211535143175,0.020288740836867578,4.812975883483887,4.812975883483887,0.5596456790133983,1.5468375309924853
45,0.09,0.06161837324251356,0.00982918974713695,5.025793075561523,5.025793075561523,0.5625686389715252,1.5810980156293017
46,0.065,0.028550552603630142,0.08520933079570907,5.270842552185059,5.270842552185059,0.5653459822726588,1.6496080668384017
47,0.2325,0.07033024105420799,0.039768688513386496,5.844184398651123,5.844184398651123,0.5799772721014317,1.7583137654566996
4,0.8525,0.11085630182882794,0.0014966251020434877,10.806297302246094,10.806297302246094,0.5869609504470896,2.372926302191391
48,0.865,0.08347851866141061,0.02744067924797533,9.755109786987305,9.755109786987305,0.5919147035875684,2.292850867691398
49,0.6325,0.01371247561213764,0.007610898043978659,9.291963577270508,9.291963577270508,0.5807741319729414,2.160333735118531
50,0.2625,0.04141572944069114,0.0012903036337729165,5.806517601013184,5.806517601013184,0.5621973069732045,1.7761204630448588
51,0.0475,0.19292269346739602,0.047872106044207115,5.9841203689575195,5.9841203689575195,0.5780806793073016,1.6169730139963152
52,0.2175,0.22476821746995387,0.0030837519674668324,6.523655414581299,6.523655414581299,0.5642683084819724,1.7339476948030725
53,0.0175,0.20764025031204927,0.006270647328290372,4.771134853363037,4.771134853363037,0.5526664441291621,1.4959115256269604
54,0.0275,0.023241078666548527,0.021660712227212067,4.895069599151611,4.895069599151611,0.5636168489046142,1.5216169041466046
55,0.0375,0.7579963657749146,0.01357157317914468,4.930818557739258,4.930818557739258,0.5663933752859179,1.5476741783777694
56,0.0275,0.018849840702245584,0.001173877668025125,4.674374580383301,4.674374580383301,0.543949410500671,1.4989070341612298
58,0.11,0.16575492327989633,0.025770448312977343,5.5029144287109375,5.5029144287109375,0.576007438485039,1.6300553741741994
57,0.0175,0.027653300352983114,0.008103947475794987,4.76261568069458,4.76261568069458,0.5534811990854888,1.492304630622954
5,0.2,0.7272175594051005,0.01011409076451385,5.708156585693359,5.708156585693359,0.5665042628470339,1.704318053511587
59,0.13,0.7203175940978087,0.016788088555530864,5.246248245239258,5.246248245239258,0.5674242156292951,1.6336596690076066
60,0.045,0.06348095222266867,0.004968541615043873,4.920292854309082,4.920292854309082,0.5571039228529242,1.532135721667834
61,0.4275,0.3388211861755724,0.09789700703324153,6.918246746063232,6.918246746063232,0.5769201024490865,1.952751028457736
62,0.1375,0.09223915986350964,0.011224280500577657,4.965806484222412,4.965806484222412,0.5577152493615232,1.625578749341431
63,0.3125,0.13826531247390392,0.0027816406922870946,6.736671447753906,6.736671447753906,0.5742687387433119,1.8497925563971085
64,0.03,0.08430951870292237,0.02420013229238503,4.849482536315918,4.849482536315918,0.5672641174928446,1.5414192198045946
65,0.9125,0.8719901669878335,0.010492417907912976,10.063300132751465,10.063300132751465,0.5903716792557738,2.37214015521526
66,0.0375,0.011836312569755859,0.01234703919746947,4.738465785980225,4.738465785980225,0.5544799201612142,1.5104698473419262
67,0.4025,0.7203928788444294,0.05914956246962945,7.033121585845947,7.033121585845947,0.5782257164932795,1.933902334144713
68,0.1225,0.35018314975344433,0.05820617034934628,6.311900615692139,6.311900615692139,0.5759317058247895,1.6882879649852642
6,0.0325,0.04550811939128505,0.027624681332425093,4.9373602867126465,4.9373602867126465,0.5670460724945149,1.5469808362406985
69,0.045,0.03573580350762244,0.0029937687853296728,4.810625076293945,4.810625076293945,0.5524807603283302,1.5207457485164482
71,0.0075,0.02860651755599956,0.018868662492332374,4.866637229919434,4.866637229919434,0.5652798723332673,1.5082108547222481
70,0.0775,0.786171545561179,0.01563521892719595,4.917096138000488,4.917096138000488,0.5598986424301083,1.5732064854008543
72,0.075,0.019440500993798626,0.07906697176743396,5.365797519683838,5.365797519683838,0.5692243909314274,1.6566372602233117
73,0.0175,0.043198877170654154,0.051902873345118866,4.969117641448975,4.969117641448975,0.566920256826363,1.5605023323023994
74,0.095,0.19450158035411813,0.0012867853595989515,4.893489837646484,4.893489837646484,0.5526886179535119,1.5773393109626395
75,0.0175,0.07876138309133032,0.07088491490464167,5.386232852935791,5.386232852935791,0.5708984489389948,1.5960265154622266
76,0.3125,0.4443964018458763,0.01512831649618925,7.720198154449463,7.720198154449463,0.5784776916785608,1.856057047776456
7,0.0125,0.10305924206932225,0.0011754122218203106,4.84214973449707,4.84214973449707,0.549691656185613,1.4975503791732623
77,0.015,0.4790695069530086,0.002184493549266231,4.930558204650879,4.930558204650879,0.5587040070050261,1.5134851840589023
78,0.135,0.5352335823625408,0.009338725364098832,5.335869312286377,5.335869312286377,0.56784566244354,1.6360253192835648
79,0.25,0.02319968756842821,0.023163486085932956,5.929604530334473,5.929604530334473,0.572459776671338,1.7564434106295994
80,0.03,0.06955969135317544,0.0011279679748343683,4.696260929107666,4.696260929107666,0.5470170620056739,1.5019348407239541
81,0.0625,0.09198175670458969,0.015224897382946563,5.006312370300293,5.006312370300293,0.5613619294984187,1.5645249917687063
82,0.02,0.01933079992864777,0.012940166450279376,4.990377902984619,4.990377902984619,0.567333368166252,1.553890738624532
83,0.9775,0.7891699654322468,0.008084623641356066,10.366103172302246,10.366103172302246,0.5900134471581486,2.416419447818711
84,0.035,0.16883089013257796,0.0014586419343822394,4.908880233764648,4.908880233764648,0.5480114271718275,1.505806617280504
85,0.9025,0.01905174239683709,0.020239069560303087,9.151863098144531,9.151863098144531,0.5922381177154656,2.312436152764597
86,0.0425,0.8429180623882604,0.0010744159758502856,4.67783260345459,4.67783260345459,0.5475688195336801,1.515632021437641
87,0.1775,0.059532399825291675,0.01113774946224243,5.180351734161377,5.180351734161377,0.5615813394800694,1.6436984632330225
88,0.01,0.025165603231806076,0.0013940595047031482,4.6920905113220215,4.6920905113220215,0.5483338779278424,1.4913869249040153
89,0.11,0.3354660576224627,0.005899340808382984,5.454731464385986,5.454731464385986,0.5619395909595426,1.6156674144416432
8,0.025,0.5497903298151714,0.007714960165326715,4.786318302154541,4.786318302154541,0.5541842146502252,1.5115741440577202
90,0.05,0.032547591140307086,0.018640011645589726,4.945432662963867,4.945432662963867,0.5627583377257234,1.5457916063068515
91,0.14,0.2691802169426797,0.0026305979543803587,5.031393527984619,5.031393527984619,0.5606080490087182,1.6271745862028246
92,0.025,0.018946342182165676,0.06357903611820359,4.8998003005981445,4.8998003005981445,0.5694229902671916,1.5896432621215038
93,0.0625,0.011021529508152399,0.0029887698981387366,5.123697757720947,5.123697757720947,0.5623506508208459,1.5515361061400652
94,0.1875,0.1630795573159895,0.018196433407579156,6.2497334480285645,6.2497334480285645,0.5792681050269584,1.7172049627790846
95,0.255,0.016251019680361144,0.006412549915167289,6.140343189239502,6.140343189239502,0.5667020157613744,1.772162492613942
96,0.31,0.046535853930353824,0.014090473586042913,5.965317249298096,5.965317249298096,0.569007381819165,1.8077474296123046
97,0.02,0.11321008196719912,0.008508772508160078,4.785916328430176,4.785916328430176,0.5534273362146999,1.5005252925925776
98,0.515,0.059349982789076654,0.009373926088010685,7.654358863830566,7.654358863830566,0.5807477537139444,2.0316961232385147
99,0.0,0.025464439688081434,0.003576898146991862,4.679133892059326,4.679133892059326,0.5458411392713456,1.4838746099412234
9,0.2075,0.7934742026650725,0.011765248370962432,5.465240001678467,5.465240001678467,0.5705403712745816,1.7093898481748608
