config_id,association_valency,association_constant,association_lifetime,rg,msd_alpha,pair_msd_alpha
10,9,3.318827047295459,4.074324861703429,2.4846558570861816,0.29287454430543486,0.2885483547335491
105,3,69.08403393963856,1.7926028956338775,3.3998138904571533,0.5153017049029267,0.5183065552614775
104,8,7.129690000253928,0.40161158531541136,2.5093624591827393,0.460192827113597,0.46419460309688443
102,9,65.66215149726037,0.8871750144834383,2.42136549949646,0.33537554056560515,0.3392577445089837
109,7,12.970275923548945,0.3798757907070096,2.5664515495300293,0.4611122963040044,0.4624684951750218
112,5,14.806621475874254,0.21535860270754606,2.7720212936401367,0.5444030627184304,0.546994529521431
111,4,7.015782988543975,0.5453344233283561,2.9849698543548584,0.5069203132951422,0.5108027252331808
103,6,1.7727586139089058,0.1706145742720013,2.758573293685913,0.5915106116318102,0.5940288533577948
110,8,37.720508440520874,2.6841868071012756,2.4957919120788574,0.29520317719572675,0.3093056241411625
100,9,28.66299024514134,0.40303366262061024,2.4260852336883545,0.4254307296840631,0.4320620079209819
106,7,40.9484051058072,9.616111673712101,2.559950590133667,0.28982170108331795,0.29613590336218193
113,4,5.212436341035656,0.13418868527853264,2.9572575092315674,0.6106737240375519,0.6128181810801783
0,7,32.80264061679064,0.6936544259016648,2.5626840591430664,0.3903616541069101,0.390288252696441
101,6,3.966897780009631,0.16493120444233458,2.6840054988861084,0.5812948445630967,0.5818966470305229
108,4,1.32529424809201,0.10368167642227875,3.1221635341644287,0.6429150032093269,0.6453672340377951
107,2,1.3541580460878313,0.14768593546795997,5.726432800292969,0.6610485764154547,0.6645965198514368
125,6,43.27496864074804,0.11774338678426034,2.627838373184204,0.5746220960373397,0.5803771126238687
115,4,1.7291018406564778,0.6250391248228295,3.1772305965423584,0.5338233637416038,0.5391998080575537
11,9,67.91863682301658,0.15365394982665764,2.415123462677002,0.5174252242248207,0.5173604953469022
127,3,48.38008801969925,1.4651981461266073,3.3678109645843506,0.5134750377162284,0.5182266588577121
116,4,19.14231846349775,9.864634299546202,3.037107229232788,0.43394153864475404,0.4414389651005698
117,4,17.653473402047176,0.16190467115475896,2.955329179763794,0.5816890166101203,0.5838546022115287
121,7,56.92632734495056,0.9790657311117436,2.5563323497772217,0.3549723811908255,0.36596371209144296
126,3,56.10047247719595,1.603885752842774,3.4246575832366943,0.5133013837292063,0.5197715147679486
123,4,12.179182756779463,7.288309539846498,3.002323627471924,0.4351890800424269,0.43073883802936247
118,8,5.702482072704339,1.2381764075631054,2.531116485595703,0.36263543086021427,0.36392528734382723
122,6,46.45869416791545,9.91667524556341,2.6526706218719482,0.3261633718996283,0.33728653765555355
120,8,1.980633107035641,0.6483563464994289,2.5900180339813232,0.4394871922554417,0.43789684833031867
119,3,1.6199162575455852,1.5576897110902348,4.237831115722656,0.5710425230956242,0.5769228225398099
114,1,63.97663816160129,0.8002461351702015,9.374160766601562,0.6536159577765885,0.6580458171948307
124,1,4.79115951248222,8.416527107413797,9.179069519042969,0.6555318531555542,0.6606228065456664
128,8,1.3574325597141428,0.14766795946493616,2.616252899169922,0.596875669927787,0.5993612297922528
137,8,49.088974881299514,8.799694803722614,2.491790294647217,0.2664040410764189,0.27637310552650013
130,5,1.072927260821996,4.874267632246937,3.0442540645599365,0.45751429635587143,0.4644535888250233
131,6,52.942783521976764,3.9929226640830344,2.6600592136383057,0.33021958760718767,0.33865574439019436
12,7,26.3333946171915,3.7161695398612693,2.567858934402466,0.3082520848955093,0.3236296652772489
136,9,63.4274774837694,0.6849853792435903,2.420132875442505,0.3575602947198065,0.35445569482072004
132,8,86.53594554039066,1.0232915437049808,2.489485740661621,0.33039392981015003,0.33916738146050557
134,9,32.786326882796594,9.573376198183196,2.4276561737060547,0.2541025551592375,0.2595039678656047
135,7,64.79797690230077,0.25835071280708066,2.5508065223693848,0.4676826625939467,0.46627337790361206
133,9,10.112468874772794,1.4052220470578252,2.4423627853393555,0.33762449148834334,0.3485183347802853
138,10,14.88596217641273,5.042352638963738,2.390174150466919,0.2643615627850874,0.28237979155059323
129,1,1.357404774447865,0.18238465486569627,8.52380657196045,0.665025820273997,0.6691731965888427
139,1,20.604833228131767,0.10011090630176127,9.270939826965332,0.6613953263220373,0.6674688699660003
140,3,4.0260957163975695,1.3820802860176151,3.536308765411377,0.5434184065703029,0.5489079953376265
141,6,1.3528252061681958,5.245257872236825,2.838517904281616,0.4005678321269115,0.4073124035826375
13,1,16.741492384249614,4.53029577031198,8.93881893157959,0.6533285252254695,0.6580974958971779
142,5,35.07198212922684,0.5865694700500991,2.763336658477783,0.4407696880264174,0.4464726611700227
143,7,1.3320407705494552,1.9141224859802866,2.7291693687438965,0.3950415145258434,0.39610805027569274
147,10,27.18801448877863,2.2237584799031813,2.3772943019866943,0.28990811254269183,0.302710823875641
145,6,1.2913801061837966,0.1179961036929292,2.7758259773254395,0.6234332300756882,0.6282593797743731
146,7,1.9134175567127405,6.024527276949595,2.724024534225464,0.34692908770598974,0.35372392094992033
148,3,41.74235934404344,0.5076257839556083,3.359121799468994,0.5347978783667383,0.5388282863530107
14,6,3.074834560288194,0.44710417522962276,2.713587760925293,0.48598582301964527,0.4911672744102279
144,3,3.005407737445737,2.8767447440814298,4.056472301483154,0.5578208785312243,0.5652216594534499
152,6,1.6239985955109666,1.2539711142759375,2.808743953704834,0.43284000211244417,0.43759550825936355
150,1,1.595735914940581,3.599951986070923,10.403915405273438,0.6555682314100114,0.6595164966666093
151,1,1.1612638982168415,1.7171207935552912,9.503082275390625,0.655956642750522,0.6600833593801478
149,1,16.731763937658616,0.593425235845539,9.327106475830078,0.6534761143912179,0.6584142070942336
153,6,2.4544107323173416,3.688365404064849,2.777182102203369,0.38254379571235453,0.39182769922928756
157,5,37.768782277807716,0.17956357770540482,2.752208948135376,0.542539891830906,0.5465162748045179
154,8,1.6672235911466573,0.13192334525406954,2.59049391746521,0.6046130760317286,0.6081472351135041
155,8,16.930184100780618,7.376172106969059,2.4971256256103516,0.27457351685291165,0.2802702838250524
156,2,86.89020946811348,2.674445669440013,6.742353916168213,0.627890181515209,0.6318936076298906
158,7,39.69012099421147,6.819849898902333,2.581953287124634,0.2971375165543216,0.315955253785991
161,6,32.60111416253718,0.8145926246011653,2.6461181640625,0.3971009785592436,0.4068615010213297
160,4,1.1922540885042139,0.608208913994123,3.265167474746704,0.5438607520803751,0.54750969069145
159,2,10.914770752266055,3.723730986631244,6.973031044006348,0.6298500409823791,0.6335831498618335
162,2,81.8455498850769,6.365830133090845,9.354691505432129,0.6403487249096604,0.6453147101316874
15,2,2.4106501268706224,1.3646506337961615,9.054046630859375,0.6381750983768204,0.6438717103964887
164,9,21.528923021864514,1.3918539048254541,2.4351437091827393,0.3221282638153793,0.3244063799075866
165,4,2.879456177662321,3.5701403366264945,3.269232749938965,0.4743634096693535,0.4794526356019228
166,9,24.946226744013316,0.6921850772541872,2.4286069869995117,0.37525200811596415,0.3809651389923118
163,1,9.382751223637605,6.340781666628092,8.191805839538574,0.6547862335048403,0.6605181192924058
168,10,6.984141599186841,0.14725298813295,2.3850464820861816,0.5615288723878906,0.5610997801747165
167,5,77.79847714889931,0.19560540175479935,2.7605302333831787,0.5169638763221008,0.5195915103144927
16,4,40.42873087218371,0.19274751509150145,2.951568365097046,0.5519355579511328,0.5560775084880458
170,3,29.414311228480084,0.11518652909100202,3.2884020805358887,0.6149147705737008,0.6190759563603706
169,2,6.78082276512846,0.15791448786933734,4.50816011428833,0.6423396436293567,0.6459679773031071
171,8,7.280691489481915,0.6823999997606407,2.5088846683502197,0.40368053832862427,0.40515400736587603
172,8,68.95483233362376,8.403979280736975,2.4989912509918213,0.2649956535376683,0.2652629211955999
173,5,1.4357442290047986,0.13824802373533956,2.927257776260376,0.6175033363798065,0.6192337385012416
174,6,24.18523444255002,0.49078379339533357,2.6553587913513184,0.44142151939188384,0.4475924766308456
176,6,1.3836785960883262,6.121673795325527,2.8428056240081787,0.39174491896920327,0.3969711819510703
177,4,1.0149956974437386,2.0798737968169303,3.416213035583496,0.5221727864159751,0.5267817777489034
175,3,1.0469561265225316,8.884787102328668,5.773805618286133,0.6086079947978899,0.6149201546483192
17,9,7.8693550970468396,0.14484104086398406,2.4382951259613037,0.5666320949005494,0.5739865709531224
181,6,25.9992586709845,0.32842611383646897,2.6468563079833984,0.4787911138829857,0.4826625267089248
178,2,31.32951230908045,0.3859454343186846,4.554314136505127,0.6118988384502811,0.6169996883671225
180,3,2.365829293269496,0.16779618080345213,3.484206199645996,0.6252903191985412,0.6294955361964231
183,8,83.52456214086338,0.3914653104128783,2.4799532890319824,0.41010599635414896,0.4094449065569745
179,1,73.37972293709936,0.2922309497801452,8.30068588256836,0.6542323815429355,0.658269709649997
182,1,85.71138659117479,0.5302488556101297,7.85798454284668,0.6523358413229833,0.6580258341205172
184,9,18.699561089044792,0.23339475945068733,2.424616575241089,0.4960089705179294,0.49902573022387736
186,3,5.664712391942521,0.19672235476022867,3.375725030899048,0.6038103343508958,0.6077112738831694
185,2,1.603839403406171,1.4511047482358415,6.468991279602051,0.6366415256384568,0.6425779775851406
187,3,40.62380473251369,0.4283342844857396,3.3462114334106445,0.5389162853846647,0.5450488054542837
188,4,2.9738180006718062,0.23328608904521497,3.0284154415130615,0.5783836450826906,0.5804951512808136
189,6,6.91147522705168,0.12374035390804153,2.6560685634613037,0.5984625425346559,0.6016123047347577
18,6,56.256741667954415,9.907025074200831,2.6593472957611084,0.31690090143664973,0.3200537412213952
190,3,15.937361923222753,0.6132002685427024,3.403982639312744,0.5427762599974519,0.5468743390954985
192,7,30.32198578020494,0.1925603859312927,2.557668924331665,0.5227147278357278,0.526425446150496
193,7,3.945083661389381,0.5118329397138222,2.6035921573638916,0.4542487337762512,0.4612427541704389
194,4,7.755723369306603,0.5476613321575833,3.0297017097473145,0.5060444787218001,0.511319190387994
195,9,1.3053116910653626,0.65652677475016,2.5772693157196045,0.4384187652468454,0.44367942803309085
191,2,1.8367098323870354,0.396984292872431,4.927138805389404,0.6349904234763228,0.6396974603522062
196,7,83.92920650633059,6.346359369174943,2.5707783699035645,0.2891401165659012,0.3002560837821035
197,8,2.5584713136347275,0.38603200308041524,2.559511661529541,0.4837232693249783,0.4874505886687293
198,8,1.5209431322225488,0.2349180613808923,2.604273557662964,0.5498994105698672,0.5530037878134112
19,8,1.6524019235426572,1.2662938340704353,2.605975389480591,0.38801938016114584,0.39718925997480886
199,2,3.5804737292725806,1.3072636244331022,5.590719699859619,0.6205002197955074,0.6240770137356856
1,5,85.29621752314962,0.9372498792156659,2.772416114807129,0.40099532055120257,0.41199416160987745
200,3,39.0224301015952,0.7804206779511242,3.4088380336761475,0.5294868842161493,0.5365921496840182
201,7,2.3483421655932277,0.6972822674591994,2.6535298824310303,0.4388008289910311,0.4423057530782085
202,3,3.1326749750706835,0.8070381463775914,3.651947259902954,0.5606130604941635,0.5650229221163093
203,9,1.9281240708828604,0.8411446927290644,2.5270488262176514,0.40353171575483454,0.4015396361951355
204,2,9.259253545932323,0.25543464957542833,4.756874084472656,0.6317097390860229,0.6354940763984198
207,5,12.314484371048412,0.2053251834941969,2.767887830734253,0.5514795539539862,0.5548246018044904
206,8,1.036461796594381,0.3954760993987327,2.680999517440796,0.5062375276825183,0.5067050232213067
209,4,12.231554202785194,0.646562048551305,2.960819959640503,0.48756076811516563,0.48654916788522334
208,8,1.5314615369299611,0.9893710394450078,2.6261837482452393,0.4088534738618125,0.413644439549296
205,1,45.74541077357495,0.7910004923141536,8.24683952331543,0.6526161781925187,0.6559733894271031
20,2,12.441760087544203,4.25533471693263,5.709327697753906,0.624252058342489,0.629100806044252
210,1,1.7444688607175718,5.853775160823404,9.93222427368164,0.6553779550879442,0.6601853706722594
212,10,26.298406604302365,0.7747634037569974,2.3800933361053467,0.3622718032430757,0.3738608834460873
211,1,1.0011667547804586,0.6264078850347072,8.407282829284668,0.6572924716940246,0.6624285102704934
213,5,5.100867758644957,5.528356505490717,2.8398921489715576,0.3976947521979611,0.3996322947116821
214,4,15.517431287639178,0.11773400867618118,2.9213011264801025,0.6083405910801037,0.6123207832594242
216,9,52.348769875066836,6.045021268894711,2.4240591526031494,0.25785892495376805,0.2773166845334903
215,5,4.085148663711091,0.47838859004879636,2.8340492248535156,0.4979743021815158,0.5033860976115396
218,5,10.95640820316196,1.4059297024212518,2.8408069610595703,0.4166326196409049,0.4254017076033066
217,3,1.3683145194274862,5.270868166461391,4.965915679931641,0.5983364374847776,0.6054834769325564
220,9,6.4095236327113385,3.6066210914726327,2.467057943344116,0.2902575113188959,0.29595707617758715
219,4,11.554511992549978,0.663145771419806,3.017310857772827,0.4899016126176363,0.49270249007252037
21,9,2.549198797470713,3.970582489057567,2.51043963432312,0.3050593637581721,0.3054482979512941
221,5,3.841566329406581,0.5541261519070471,2.852297782897949,0.48880458231961194,0.49007057089993716
223,7,6.345021270555383,0.8627514239992581,2.6032826900482178,0.40432236212357503,0.4093065434844215
222,3,2.0612939767915694,2.4777863834588505,3.7505671977996826,0.5537444650188323,0.5589187819692081
224,9,21.702850170691367,0.5106410462274837,2.4275381565093994,0.40699127390038026,0.41410329297836257
225,8,30.527478960937653,0.2729102953696207,2.4848062992095947,0.47623744621603875,0.47837265661508777
226,8,24.512706531440635,0.4329924798582468,2.489114284515381,0.4299330026008078,0.4336813076281909
228,8,1.2729512038494568,1.7469657500984692,2.6511943340301514,0.3810584604224245,0.3766667634511837
227,1,7.726156627431192,0.1930291335066892,7.2836480140686035,0.6603446115414217,0.6651052984608489
229,1,5.138102053578507,0.6052462384098011,9.82118034362793,0.6529882268199332,0.6579502961781881
22,9,14.970424948748226,0.7762078892974343,2.4321036338806152,0.37179488279049416,0.3710672443774621
231,2,23.582673837236484,3.047247387350965,5.699591159820557,0.6198741624596611,0.6265614060524987
235,10,3.7657216023740263,0.1625251344724973,2.4126360416412354,0.561495397588552,0.5656361427501835
230,1,49.254925549939585,9.07430148784218,8.291464805603027,0.6529303884772515,0.6566788983990502
233,10,1.0173742481526455,0.34726057253876536,2.5884509086608887,0.5077911156887869,0.5117504863406229
236,8,27.0826707285603,0.5864895828870723,2.4871304035186768,0.39541445006411885,0.3986737243306457
232,7,1.0300229643328345,0.12088035437431059,2.7390496730804443,0.6210409303137638,0.6235783110850002
237,6,6.97300192378744,6.228765113120395,2.707198143005371,0.34477700986486415,0.3546323111046322
234,5,28.45770733507645,0.284036429841244,2.7740886211395264,0.5049835542507636,0.5076842288134645
238,7,1.9771452453089728,7.35299242882852,2.6763839721679688,0.340681140934722,0.34446981871882437
239,3,11.176961122590166,0.18132015042590446,3.2676455974578857,0.6001317138840137,0.6044331637849317
23,10,39.4339279537077,0.43061950314019026,2.3671023845672607,0.40655271762777934,0.4038824476623326
240,3,7.731231403321345,3.790316520920122,3.5069313049316406,0.5224424370778439,0.5293999208720621
241,7,7.154518555871141,0.9636449468947984,2.592725992202759,0.39194151859897447,0.40271738439683297
242,4,39.009185873803425,0.7560387865374986,2.985710382461548,0.46325306419801554,0.4671381913899717
243,4,14.895686285536739,0.12577274227349114,2.9408886432647705,0.6006808964393,0.6014128553225974
244,7,1.165624007639914,1.846509714343834,2.744255304336548,0.40707592313038354,0.40909730022260987
251,9,72.3635228330864,7.381637252362818,2.4251463413238525,0.2574164381002778,0.26810596616693677
248,5,34.90287297457566,5.833153280703935,2.8565258979797363,0.3732095995941309,0.3691765251336538
245,3,5.336055371086408,3.0642600292799678,3.5500988960266113,0.5318200761797295,0.5357606222872177
246,3,2.925016656434607,0.3935993317969775,3.576573610305786,0.5822505856489045,0.5874895776579208
24,4,3.8076673920052997,0.23921183199885535,3.00935697555542,0.5750429393994009,0.5790085656085361
249,7,8.25255922885411,1.8355189116133392,2.5838100910186768,0.34508595232691813,0.3495617336941528
250,9,21.44170465463388,1.9816386217365596,2.4350690841674805,0.30312155611821157,0.31643052796469817
247,2,25.694928970162373,1.0573951187049373,6.17929220199585,0.6206996667467071,0.6267122293812707
252,10,8.11343439380966,0.3232246196207095,2.3858587741851807,0.46495300626799796,0.4727638778192763
253,8,2.696740676868554,0.34020765265017494,2.5536012649536133,0.49719762968570136,0.5013928943279767
255,5,20.382392151926876,0.1909035383772481,2.7650411128997803,0.5506510625582158,0.5519351263203319
254,1,1.2738157793975866,0.5007309855126959,11.14378833770752,0.655899134139875,0.6607793047423495
256,7,22.96190901575038,8.736783757613996,2.5614349842071533,0.2895005077471302,0.3093703951945989
257,7,13.04779129949052,0.2766597004100154,2.5643513202667236,0.4985580137403786,0.49915948303036634
258,4,4.775374980156822,0.1602056173454453,3.009232759475708,0.6011723908816565,0.6055674471844241
260,8,61.228096355593884,0.3243394006203961,2.4807746410369873,0.4384626602213717,0.4406063493171186
259,2,38.866937066151216,0.4424436363783995,4.7023539543151855,0.6146651482916577,0.619265930670107
261,9,1.2266059041693447,0.5462711334781516,2.58819580078125,0.4571608432729845,0.45784414611262486
25,3,1.1639781550529473,9.174860738553631,5.289925575256348,0.6068505111358253,0.6126680600712473
262,4,54.940888614140064,0.49146706894091063,3.001343011856079,0.48135100840610046,0.48771744819754365
263,4,3.1809301215162513,2.8711243695932596,3.117168664932251,0.4733772394373094,0.4780848064838396
264,5,4.2117655866366555,5.247939248199348,2.845837354660034,0.39650628615432226,0.4029323011392687
266,4,1.2274556312244167,7.3852792305992825,3.418182373046875,0.5082466734060685,0.5112391399881681
265,5,9.208085189739894,5.5456365805653824,2.810293197631836,0.38276745439420323,0.388252143804403
267,2,1.0433185238392286,0.9785906761825037,6.8310418128967285,0.6414648493196456,0.6464933346470331
268,8,1.2443342924909566,4.149591747414551,2.6466567516326904,0.347903367795579,0.3377493413391411
26,5,8.975568877999452,0.15123375045656265,2.772890329360962,0.5836248227937266,0.5860118160166247
269,8,8.337260005316649,0.17228492278082244,2.4978017807006836,0.5512411858792897,0.5534399237370177
270,2,3.0359093115137075,4.49293478994998,7.253880977630615,0.6335534388677567,0.6384940628304107
271,3,6.730164770766968,6.89395297061137,3.806295871734619,0.5349589704431705,0.5388353641692921
272,8,16.807897266166414,4.32531074390547,2.5083930492401123,0.2904545839529855,0.3073201731831035
273,9,32.33372846590394,4.55697717920875,2.432372808456421,0.2689199825325284,0.28207457372288314
275,4,1.8037276214000904,5.523130233834584,3.4281368255615234,0.4979220333230912,0.5050020130506934
276,6,4.357064576512222,0.7407767874771372,2.7074906826019287,0.441774141337556,0.45109539734398235
277,9,62.987049128924,1.6602137031877615,2.431943893432617,0.2999951225548522,0.30952836907685133
278,4,26.432357159092362,3.5886302336904676,2.981639862060547,0.43734652128948925,0.44189273139616847
274,1,82.76232360969986,0.31583218373886274,7.907711505889893,0.6548552945039273,0.6597631361232802
27,3,56.69447547428794,7.026871826855614,3.5775868892669678,0.5274529732103906,0.5355933667993732
280,5,3.5082653746748242,0.10792370571575084,2.7972397804260254,0.6224979101460835,0.6257885610454649
279,9,16.19346565007133,1.1812179886556564,2.4382050037384033,0.34125124224709685,0.3471496350895314
281,10,36.896678480708914,0.1576890486075263,2.362931728363037,0.5265644133456042,0.5284649932329128
282,7,3.14446953410704,0.3707780089693096,2.6189310550689697,0.4958619091579638,0.49305476890318356
284,1,1.7522165691402831,1.951613990691463,10.180441856384277,0.6542276439772085,0.6593825894061957
283,1,30.4679413580414,1.0729169777575016,9.598995208740234,0.6556132879597572,0.6592390655928495
286,4,22.375060008618195,2.5525122021310813,2.996931791305542,0.44656094187586,0.4547739760526076
285,2,87.55861238980648,1.3468955057042562,5.164823532104492,0.6135117832253741,0.6195489397365397
287,5,2.774060705717374,4.608926398392354,2.8841519355773926,0.41043459280965816,0.4136327646264576
288,4,1.3476414682575506,0.4121325345768178,3.2333455085754395,0.5611112771535296,0.564529005872091
289,6,2.9322861532568854,1.807271691354308,2.7260022163391113,0.39508770274003757,0.39363935188273763
295,8,13.771970256931164,2.4626204167509167,2.5019474029541016,0.3080980211968247,0.32299110678854787
293,7,2.0440253217628084,0.22569907220922586,2.650758743286133,0.5530557992478348,0.5595060861935583
292,10,18.605058651601176,4.207182701473859,2.3937079906463623,0.26814252735131466,0.28520544448672214
290,5,14.59220075437278,0.18818105594765114,2.774190902709961,0.5564870815908675,0.560572075859292
28,2,62.567131251469725,7.017216560626189,6.261829853057861,0.6328506194645017,0.6384602646967209
294,2,1.8670740925790381,0.25882634410134786,5.602071762084961,0.6434094260522398,0.6482556616659754
291,1,12.771606821294794,0.45265717971204483,10.47101879119873,0.6549436981141941,0.659634322460183
296,4,2.955505211949479,0.18376263924374311,3.03615403175354,0.5970616274361954,0.600097496143839
297,4,33.108010209030596,0.5092426918756721,2.998743772506714,0.4890150734891753,0.49392851510869895
298,10,1.8411171772988246,0.9929603546916002,2.4853615760803223,0.3813349017750073,0.38345755008945576
29,9,23.280739480865144,4.73947746283418,2.4425058364868164,0.27340262637331225,0.2888946624023654
2,5,86.21840609032199,0.5201142460805447,2.778224468231201,0.4335271708636029,0.4396867889488085
299,2,17.062141850924665,0.11272725122656255,5.871349334716797,0.6525594117884375,0.6563968406159523
31,4,61.67056607692355,1.5121760906770314,3.0044033527374268,0.4446326339470947,0.44289652422676007
32,7,14.434110359922613,0.7963907613055,2.571765899658203,0.39729192636423194,0.3960563339354971
33,6,1.4613221810590802,1.6809941810439522,2.8042640686035156,0.4222251233787703,0.4271983358632446
34,8,14.933080402471155,0.4683181142393964,2.500117063522339,0.43003274385217666,0.4324518301699255
35,4,3.0624657766970205,2.9038785020888236,3.1866493225097656,0.4772559999166036,0.4849857490573282
36,2,25.743419314048904,0.554779476173534,4.599780559539795,0.6108071163628347,0.6169219593463938
37,3,4.624580019051504,4.283770473432298,3.798252582550049,0.5443726993153047,0.5499238828127793
38,2,36.83299378134027,5.1362391756736745,7.167512893676758,0.6273472267112229,0.6345162963514223
39,4,1.2315956200163305,1.40518036804443,3.2627012729644775,0.5134290932592697,0.5166096840164266
3,4,10.21818383125678,0.36616403801840447,2.9844086170196533,0.5255158846766393,0.5318838476260267
40,9,16.00814371948482,0.14060274143365462,2.4213080406188965,0.5536335595567846,0.55820430435563
41,2,18.620863641332278,1.631837223502981,4.880427837371826,0.6095556796257395,0.6143686291067583
42,10,1.7353654444978823,0.15242763322763903,2.4793715476989746,0.5853795865706022,0.588924861387853
44,3,27.304023742664658,0.908797885393782,3.5127437114715576,0.5321704288155642,0.5384956581719533
46,7,17.426089569220853,4.696835080823423,2.5768561363220215,0.3084940641702076,0.3138338028387509
43,2,1.1824535112004821,0.1104772918369803,5.125232219696045,0.6639659714223727,0.6676303989292227
45,1,74.80632457744187,0.11106191340302547,12.252433776855469,0.6591653662650235,0.6644285943672146
48,6,7.449674473454304,0.13246003895721722,2.6533915996551514,0.5931030912479601,0.5971091451259093
49,8,1.1988294804954136,0.1591631341277227,2.6335179805755615,0.5926403460823934,0.5971662347369836
47,2,2.764767035021031,1.967213244455871,7.888528347015381,0.6368606670743889,0.6412871568181012
4,2,17.24797020759017,0.31696600254424395,4.4009904861450195,0.6176951581141927,0.621110205408097
51,8,47.49557287904385,6.870116853081151,2.4878134727478027,0.27062121139700074,0.27058396753361885
50,7,2.5044454747420373,0.5213274616824422,2.6347146034240723,0.46572630203675386,0.4712661128238265
52,3,24.853876819744464,0.25516985777070095,3.2903294563293457,0.5674485511702434,0.5679978303322546
54,3,4.8375457151183845,0.3172303121628666,3.4100582599639893,0.5845186606865803,0.5899251477273323
53,1,37.7830123312087,0.20721312463974983,7.296809196472168,0.65502007008383,0.6588651196220406
55,10,69.6364765909983,2.14393514707017,2.371162176132202,0.27824592274747006,0.30390185259947533
56,1,8.77507486163227,0.6604056669827159,9.950665473937988,0.6559257210114575,0.6603148125321654
57,10,56.18357737183622,6.839466796366338,2.3802807331085205,0.24724907980529887,0.24502864713154643
58,6,5.9880371445507246,2.06648567876693,2.684955596923828,0.37006149228833973,0.36727876402888493
59,3,13.21905585733808,0.10589431311904665,3.23089337348938,0.6282389320640848,0.6338536163811895
5,9,92.37850978111716,4.172866319175339,2.4242000579833984,0.26264050375980685,0.2609388529477967
60,2,4.6971357198789745,0.12342211579246387,4.884152412414551,0.6538918618328856,0.6600882721009111
61,5,1.8606950989154385,3.344516265470061,2.938910722732544,0.4328244957505718,0.43324813411060975
62,8,5.063503599359502,0.3764920670212209,2.5212910175323486,0.47363605756129407,0.48168598588917566
66,10,2.4244826606629384,0.46644815685635965,2.450418472290039,0.4511619993727419,0.4539602585469786
63,6,15.15498017701573,6.0797690590072975,2.6587369441986084,0.32805949171353993,0.3365379078489831
64,10,1.839452434438798,0.4174410584382985,2.4785993099212646,0.46989098042961636,0.4709916150540984
65,7,45.4784381987965,0.1450261152067134,2.543623685836792,0.5450009575426994,0.5486748059963727
67,4,2.793802114532659,0.7875364312507442,3.0927703380584717,0.5085815747113801,0.5119517616393643
68,10,56.11452612104695,0.11563543973309723,2.3583061695098877,0.5524180657302424,0.5549373210359182
69,10,6.862037808178604,2.1105312059816463,2.4033851623535156,0.3033328400953281,0.3186077828687967
6,3,4.171527766122322,2.881797740567003,3.6858654022216797,0.5405712777342038,0.544163022498813
71,3,7.811409837985044,5.886959065566087,4.080428600311279,0.5462991385652419,0.5535629777429478
70,1,2.144617995051615,0.13420621192127033,10.200679779052734,0.667487904644017,0.6717945987788895
74,8,1.2580966131328033,4.420178893178268,2.6598470211029053,0.34457810089525553,0.35273754094160137
72,9,16.14190457620392,0.10003185575362285,2.4173829555511475,0.5911789644739502,0.5910499675569778
73,1,9.753608978081408,0.42083949698654066,6.870700359344482,0.6548024916100056,0.6583107404695595
75,7,2.3768544510291405,9.97334216174165,2.674607753753662,0.3264654195636123,0.3287973753593214
78,6,1.0157471663972388,0.10680279748876687,2.820189952850342,0.6316581151513521,0.6344037918692519
76,2,47.30388252796799,0.18240784128076626,4.3792009353637695,0.6192087777665123,0.6223800081014917
7,6,8.796004257632529,0.15900193740411125,2.6534111499786377,0.5714761755436134,0.5749178937252871
80,10,1.5688039841559984,0.1729050944973775,2.4973998069763184,0.5718670296816577,0.5709232571468537
77,1,6.36258569075912,2.275254649288126,6.871708869934082,0.651180324968652,0.6561299151577581
79,1,91.30389090331498,2.2465898615275406,8.031607627868652,0.6537927827515552,0.6564431886932575
81,4,55.886594693558074,0.3630492021338446,2.951061964035034,0.4973330953075993,0.503674543167981
82,3,1.5862125370901838,5.103595186986946,5.266866207122803,0.5987522095722636,0.6049202204372652
83,7,18.000236081819555,0.11058366986452917,2.5503089427948,0.5881179353206323,0.5912485581597212
84,8,39.778565116955114,0.17043500499506858,2.479250907897949,0.5237169183642659,0.5248546975915696
85,5,1.8485921666906453,1.100857376480304,2.910048007965088,0.462640153920549,0.46827306487676795
86,6,1.6990990290293515,0.2036480583246433,2.75457763671875,0.5754346130705204,0.5785548980816408
88,5,13.083124439818647,7.816369984515311,2.860900640487671,0.3845280555706758,0.3861970286344888
87,1,1.21505294950453,0.2579119596733675,8.383055686950684,0.6628883732440118,0.6679623271232701
89,10,66.02407946532975,0.12134141747380496,2.3583757877349854,0.545413860188868,0.5506652845257942
8,7,4.289368904218738,1.9091796786732045,2.6144838333129883,0.3583697797533984,0.3640997089188131
90,10,20.45143232203921,2.6589814345900065,2.3741562366485596,0.2828331092555012,0.2808758037257208
91,8,19.06700144962774,0.5557743839421546,2.4935169219970703,0.4078855341226985,0.40352308131077586
93,5,1.0418235352214191,0.20046859552080815,2.9828598499298096,0.5933291475424998,0.5969248925972375
92,9,2.272880692958795,0.5638425465732877,2.5097317695617676,0.43762032784081606,0.4378118450679875
94,6,4.731753772078495,0.5425040071247899,2.6868202686309814,0.4593569504558138,0.4627603794718813
95,2,4.748013444702353,1.7421125791063492,5.957975387573242,0.6279238165378104,0.6337111534321764
97,10,3.793688842442806,0.6160046151997783,2.423569917678833,0.41106903769099695,0.41173730354555205
96,1,3.4613401634072907,0.19899037641384196,9.562132835388184,0.6628339295667955,0.6673081446685731
98,9,1.8166944025318892,0.1697433720945855,2.519573211669922,0.5755136653913333,0.5791964072207952
99,4,73.7069022042228,0.4128188544805264,2.9574472904205322,0.4861617083141509,0.4891401638381791
9,4,85.74577609317105,0.8995380802416636,2.951836585998535,0.44996427234969594,0.45615823931393407
